date,url,headline,author ,source,potential_reach,keywords
11/13/2020,https://coveteur.com/2020/11/13/best-retinoid-products/,The 16 Most Effective Retinoid Products According to Beauty Industry Experts,Hannah Baxter,The Coveteur,240144,"Alastin, SkinCeuticals, Skinbetter Science"
11/13/2020,https://www.shape.com/lifestyle/beauty-style/buying-dermatologist-recommended-skin-care-products,Should You Buy Your Skin-Care Products at the Derm?,Erin Reimel,Shape Magazine,5266399,"Alastin, SkinBetter Science "
10/14/2020,https://www.instyle.com/beauty/dark-circles-under-eyes-vitamin-c,Can Vitamin C Actually Get Rid of Your Dark Under Eye Circles?,Kayla Greaves,InStyle,4125694,"Alastin, SkinCeuticals"
10/5/2020,https://www.byrdie.com/best-skincare-brands-5078942,We Narrowed Down the 28 Best Skincare Brands Out There,,Byrdie (USA),11181438,"Alastin, SkinCeuticals"
9/23/2020,https://www.realsimple.com/beauty-fashion/skincare/summer-skin-damage,8 Common Signs of Summer Skin Damage—and How to Reverse Them,Kristin Granero,Real Simple,6427031,Alastin
9/10/2020,https://www.realsimple.com/beauty-fashion/skincare/dermatologist-skincare-routine,"We Asked 12 Dermatologists to Share Their Exact Skincare Routines, Here's What They Said",Kristin Granero;Kristin Granero,Real Simple,6427031,"Alastin, SkinCeuticals, Skinbetter Science, ZO Skin Health, Revision Skincare"
8/27/2020,https://www.byrdie.com/forehead-wrinkles-5075800,"How to Prevent and Treat Forehead Wrinkles, According to Dermatologists",,Byrdie (USA),10825589,Alastin
8/6/2020,https://www.allure.com/gallery/best-creams-serums-mature-skin-dermatologist-recommendations,"The 12 Best Creams and Serums for Mature Skin, According to Dermatologists",,Allure Magazine,8230273,"Alastin, SkinCeuticals, Skinbetter Science"
8/6/2020,https://www.shape.com/lifestyle/beauty-style/best-eye-cream,"The 10 Best Eye Creams That Firm, De-Puff, and Brighten Dark Circles",Melanie Rud,Shape Magazine,6162412,"Alastin, SkinCeuticals"
7/20/2020,https://www.popsugar.com/beauty/dermarolling-at-home-safety-tips-47624830,"Here's How to Safely Dermaroll at Home, According to Skin Experts",Lauren Harano,Popsugar,12677978,Alastin
7/16/2020,https://www.allure.com/story/ali-krieger-ashlyn-harris-favorite-beauty-products,Ali Krieger and Ashlyn Harris Reveal Their Go-To Beauty Products,,Allure Magazine,8120066,"Alastin, Skinbetter Science"
7/14/2020,https://www.allure.com/story/ali-krieger-ashlyn-harris-routines-beauty-drill-video,Watch Ali Krieger and Ashlyn Harris Get Quizzed on Each Other's Beauty Routines,,Allure Magazine,8120066,Alastin
6/15/2020,https://www.byrdie.com/what-causes-puffy-eyes,What Causes Puffy Eyes? Skin Experts Tell All,,Byrdie (USA),9165431,Alastin
6/8/2020,https://www.wellandgood.com/good-looks/skin-care-over-50/,"‘I’m a 61-year-old dermatologist, and these are the skin-care products I use myself every day’","Kara Jillian Brown ‧ June 8, 2020",Well+Good,3323186,"Alastin, SkinCeuticals, Skinbetter Science"
5/30/2020,https://www.shape.com/lifestyle/beauty-style/best-neck-cream,"The Best Neck Creams, According to Dermatologists",Kristin Granero,Shape Magazine,6579642,"Alastin, SkinCeuticals, Revision Skincare"
5/29/2020,https://www.instyle.com/beauty/best-beauty-products-may-2020,Here's Every Product Our Beauty Editors Loved Using in May ,Kayla Greaves,InStyle,3349732,Alastin
5/15/2020,https://www.instyle.com/beauty/in-between-botox-appointments,"What To Do In-Between Botox Appointments, According to a Board-Certified Dermatologist",Dr. Shari Marchbein,InStyle,3349732,"Alastin, SkinCeuticals, Skinbetter Science"
5/14/2020,https://www.huffpost.com/entry/how-to-prevent-skin-irritation-covid-19-face-masks_l_5eb9b69cc5b61f60ffd9c30f,How To Avoid Skin Irritation From Face Masks,Jill Di Donato,The Huffington Post,37582536,Alastin
5/13/2020,https://www.realsimple.com/beauty-fashion/skincare/blue-light-beauty-products,9 Innovative Beauty Products That Shield Your Skin From Blue Light Damage,Hana Hong,Real Simple,7222980,Alastin
4/27/2020,https://www.harpersbazaar.com/beauty/skin-care/g32253448/best-blue-light-skin-protectors/,The Best Products to Protect Your Skin From Blue Light Damage,Katie Intner,Harper's Bazaar,13125852,"Alastin, SkinCeuticals"
4/24/2020,https://www.thecut.com/2020/04/the-dermatologist-whos-obsessed-with-sun-damage.html,The Dermatologist Who’s Obsessed With Sun Damage,Jane Larkworthy,The Cut,6329853,Alastin
4/20/2020,https://www.instyle.com/best-beauty-buys/best-anti-aging-products-2020,The 8 Best Products for Ageless Skin ,Erin Lukas,InStyle,3349732,Alastin
4/17/2020,https://www.shape.com/lifestyle/beauty-style/best-skin-care-products-2020,The Best Face and Body Skin-Care Products for 2020,Kate Sandoval Box,Shape Magazine,5302889,"Alastin, Skinbetter Science"
4/14/2020,https://www.wellandgood.com/good-looks/stress-skin-conditions/,Stress can effect your skin in a *lot* of different ways—here’s how derms say to deal,"by Zoe Weiner, April 14, 2020",Well+Good,3170065,"Alastin, SkinCeuticals"
4/7/2020,https://www.realsimple.com/beauty-fashion/skincare/do-you-need-sunscreen-indoors,Do You Still Need to Wear Sunscreen If You’re Inside All Day? Derms Weigh in,Hana Hong,Real Simple,5830084,"Alastin, ZO Skin Health"
3/31/2020,https://www.byrdie.com/how-to-get-rid-of-forehead-wrinkles-4800838,"Here's How Dermatologists Smooth and Prevent Forehead Wrinkles, Fast",,Byrdie (USA),10027634,Alastin
3/31/2020,https://www.byrdie.com/best-anti-aging-products-4801333,18 Anti-Aging Products Dermatologists Actually Use Themselves,Melanie Rud,Byrdie (USA),9971070,"Alastin, SkinCeuticals, Skinbetter Science"
3/28/2020,https://www.allure.com/gallery/skin-care-products-rosacea-prone-skin-dermatologists,9 Skin-Care Products Dermatologists Recommend for Rosacea-Prone Skin,,Allure Magazine,7809330,"Alastin, SkinCeuticals"
1/21/2020,https://www.byrdie.com/low-ph-cleanser-4777467,"Why You Need to Switch to a Low pH Cleanser, According to Dermatologists",,Byrdie (USA),8634372,Alastin
11/30/2020,https://www.allure.com/story/skinstore-cyber-monday-deals-sale-2020,The 9 Best SkinStore Cyber Monday Deals to Upgrade Your Skin-Care Routine,Sarah Han,Allure Magazine,7553137,SkinCeuticals
11/30/2020,https://www.allure.com/story/pro-skin-care-cyber-monday-deals-2020,19 Skin-Care Favorites From Pros That Are on Sale for Cyber Monday,Sarah Han,Allure Magazine,7553137,"SkinCeuticals, Revision Skincare"
11/30/2020,https://www.allure.com/story/best-cyber-monday-deals-2020-beauty-makeup-skincare-hair,159 Major Cyber Monday Beauty Deals You'll Want to Shop,Sarah Han,Allure Magazine,7553137,"SkinCeuticals, Revision Skincare"
11/30/2020,https://www.allure.com/story/dermstore-cyber-monday-deals-sale-2020,Dermstore's Massive Cyber Monday Sale Has Deals on More Than 200 Brands,Alexis Rhiannon and Lauren Dana,Allure Magazine,7553137,SkinCeuticals
11/28/2020,https://www.allure.com/story/skinstore-black-friday-deals-sale-2020,The 9 Best SkinStore Black Friday Deals to Upgrade Your Skin-Care Routine,Sarah Han,Allure Magazine,7553137,SkinCeuticals
11/27/2020,https://www.allure.com/story/skin-care-black-friday-deals-2020,Here Are the Best Skin-Care Deals for Black Friday,Alexis Rhiannon,Allure Magazine,7553137,SkinCeuticals
11/27/2020,https://www.huffpost.com/entry/black-friday-beauty-deals-2020_l_5fa995f8c5b67c3259b1cf62,The Best Black Friday And Cyber Monday 2020 Beauty Deals,Danielle Gonzalez,The Huffington Post,28583883,SkinCeuticals
11/27/2020,https://www.allure.com/story/best-black-friday-deals-2020-beauty-makeup-skincare-hair,147 Major Black Friday Beauty Deals You'll Want to Shop,Sarah Han,Allure Magazine,7553137,"SkinCeuticals, Revision Skincare"
11/27/2020,https://www.allure.com/story/pro-skin-care-black-friday-deals-2020,17 Skin-Care Favorites From Pros That Are on Sale for Black Friday,Sarah Han,Allure Magazine,7553137,"SkinCeuticals, Revision Skincare"
11/27/2020,https://www.self.com/story/black-friday-2020-beauty-makeup-deals,57 Black Friday Beauty Deals to Shop Now,By Tiffany Dodson,Self.com,6752239,SkinCeuticals
11/20/2020,https://www.byrdie.com/how-to-remove-sunspots-on-the-skin-5085299,The Dermatologist's Guide to Treating and Preventing Sunspots,Brooke Shunatona;Byrdie's Editorial Guidelines;Brooke Shunatona,Byrdie (USA),10298628,SkinCeuticals
11/20/2020,https://www.byrdie.com/drunk-elephant-c-firma-review-5088477,This Glow-Inducing Vitamin C Serum Is Half the Price of Its Popular Competitors,Kelsey Clark;Byrdie's Editorial Guidelines;Kelsey Clark,Byrdie (USA),10298628,SkinCeuticals
11/20/2020,https://www.allure.com/story/best-black-friday-deals-2020-beauty-makeup-skincare,The 122 Best Early Black Friday Deals That Are on Our Radar,Sarah Han,Allure Magazine,7553137,"SkinCeuticals, Revision Skincare"
11/19/2020,https://www.refinery29.com/en-us/2020/11/10177190/black-friday-beauty-makeup-deals-2020,EVERY Black Friday Beauty Sale Worth Shopping,Karina Hoshikawa,Refinery29,2346737,SkinCeuticals
11/18/2020,https://www.allure.com/story/dermstore-black-friday-deals-2020,Dermstore's Massive Black Friday Sale Has Deals on More Than 200 Brands,Alexis Rhiannon and Lauren Dana,Allure Magazine,7553137,SkinCeuticals
11/15/2020,https://www.allure.com/story/morning-night-skin-care-routines-dermatologists,The Morning and Night Skin-Care Routines of 4 Dermatologists,Angelique Serrano,Allure Magazine,7553137,SkinCeuticals
11/13/2020,https://www.byrdie.com/how-to-get-rid-of-crepey-skin-5080816,"9 Products That Reverse Dry, Crepey Skin",,Byrdie (USA),10298628,SkinCeuticals
11/13/2020,https://www.shape.com/lifestyle/beauty-style/vitamin-c-serum-benefits-video-experiment,This Doctor's DIY Experiment Will Have You Speed-Buying Her Vitamin C Serum Pick,Renee Cherry,Shape Magazine,5266399,SkinCeuticals
11/13/2020,https://www.allure.com/story/skinceuticals-dermstore-holiday-skin-care-vault,SkinCeuticals Put Its Most Beloved Skin-Care Products Into an Epic Holiday Vault,Nykia Spradley and Alexis Rhiannon,Allure Magazine,7553137,SkinCeuticals
11/13/2020,https://www.allure.com/story/sonja-morgan-botox-cosmetic-surgery-interview,"Sonja Morgan's Face, According to Sonja Morgan",Brennan Kilbane,Allure Magazine,7553137,SkinCeuticals
11/12/2020,https://www.byrdie.com/best-beauty-advent-calendars-5078052,The 16 Best Beauty & Wellness Advent Calendars of 2020,Holly Rhue;Byrdie's Editorial Guidelines;Holly Rhue,Byrdie (USA),10298628,SkinCeuticals
11/12/2020,https://www.instyle.com/beauty/skin/ever-body-skinceuticals,This High-End Skincare Clinic Only Trusts One Brand for Its Medical Facials,Laura Reilly,InStyle,4927074,SkinCeuticals
11/11/2020,https://www.byrdie.com/ways-to-prevent-chest-wrinkles-5083606,The 9 Best Ways to Ward Off Chest Wrinkles,Hallie Gould;Byrdie's Editorial Guidelines;Hallie Gould,Byrdie (USA),10298628,SkinCeuticals
11/11/2020,https://www.allure.com/story/best-black-friday-deals-2020-beauty-makeup,The 66 Best Early Black Friday Deals That Are on Our Radar,Sarah Han,Allure Magazine,7553137,"SkinCeuticals, Revision Skincare"
11/11/2020,https://www.harpersbazaar.com/jp/beauty/beauty-column/a34638235/hyaluronic-acid-wet-skin-shower-201111-lift1/,乾燥を防ぐ「ヒアルロン酸」は、バスルームでつけるべき驚きの理由,Laura Capon,Harper's Bazaar,13414623,SkinCeuticals
11/9/2020,https://coveteur.com/2020/11/09/skin-tachyphylaxis/,Is Your Skin Experiencing Tachyphylaxis?,Hannah Baxter,The Coveteur,240144,SkinCeuticals
11/7/2020,https://coveteur.com/2020/11/07/isamaya-ffrench-shopping-picks/,Makeup Artist Isamaya Ffrench’s Trick for Glowing Skin Costs $0,Hannah Baxter,The Coveteur,240144,SkinCeuticals
11/6/2020,https://www.shape.com/lifestyle/beauty-style/alpha-arbutin,This Brightening Ingredient Is About to Be Everywhere — and for Good Reason,Melanie Rud,Shape Magazine,5266399,SkinCeuticals
11/5/2020,https://www.refinery29.com/en-us/2020/11/10131503/tayshia-adams-skin-care-makeup-routine,Tayshia Adams Reveals Every Product In Her $417 Beauty Routine,Megan Decker,Refinery29,2516019,SkinCeuticals
11/3/2020,https://www.byrdie.com/best-eye-creams-for-men-5080937,"These Are the Best Eye Creams for Men, Hands Down",Barret Wertz;Byrdie's Editorial Guidelines;Barret Wertz,Byrdie (USA),10444738,SkinCeuticals
11/2/2020,https://www.shape.com/lifestyle/beauty-style/proactive-anti-aging-skin-care-routine,What a Proactive Anti-Aging Skin-Care Routine Looks Like,Erin Reimel,Shape Magazine,5573492,SkinCeuticals
10/31/2020,https://www.allure.com/gallery/allure-editors-favorite-beauty-products-october-2020,These Are Allure Editors' Favorite New Beauty Products for October 2020,Allure Editors,Allure Magazine,7641166,SkinCeuticals
10/30/2020,https://www.shape.com/lifestyle/beauty-style/how-to-hydrate-skin,8 Ways to Seriously Hydrate Your Skin,Renee Cherry;Renee Cherry,Shape Magazine,5573492,SkinCeuticals
10/29/2020,https://www.thecut.com/article/michelle-phan-em-cosmetics-favorite-beauty-products.html,The 21 Beauty Products Michelle Phan Uses to the Last Drop,Daise Bedolla,The Cut,6702604,SkinCeuticals
10/28/2020,https://www.popsugar.com/beauty/sam-smith-beauty-routine-video-47923210,"Sam Smith, Cutest Human, Shares Their Dewy Skin-Care Routine in a Delightful Video",Victoria Messina,Popsugar,12935746,SkinCeuticals
10/28/2020,https://www.allure.com/story/menopause-acne-hormonal-skin-effects,How to Deal With Hormonal Acne During Menopause,Kristin Booker,Allure Magazine,7641166,SkinCeuticals
10/26/2020,https://www.instyle.com/beauty/skin/facials-for-dry-skin,Everything You Need To Give Your Dry Skin a Hydrating Facial At Home,Kaitlin Clark,InStyle,4125694,SkinCeuticals
10/24/2020,https://www.harpersbazaar.com/it/bellezza/skincare/a34437656/creme-per-il-collo-migliori/,Le otto migliori creme per il collo da provare ora,Michele Mereu,Harper's Bazaar,12597869,SkinCeuticals
10/21/2020,https://www.instyle.com/beauty/skin/best-face-moisturizers,"The 15 Best Face Moisturizers for Various Skin Types, According to a Dermatologist and a Cosmetic Scientist",Kat de Naoum,InStyle,4125694,SkinCeuticals
10/20/2020,https://coveteur.com/2020/10/20/retinol-bakuchiol-combination-benefits/,"This Surprising Product Combo Might Be the Secret to Brighter, Smoother Skin",Isabella Sarlija,The Coveteur,232096,SkinCeuticals
10/20/2020,https://www.thecut.com/article/violinist-ezinma-skin-care-routine.html,How This Violinist Gets Her Skin So Good,Daise Bedolla,The Cut,6702604,SkinCeuticals
10/15/2020,https://www.instyle.com/beauty/skin/accutane-before-and-after-routine,How to Take Care of Your Skin and Mind While on Accutane — and After,Jenna Curcio,InStyle,4125694,SkinCeuticals
10/13/2020,https://www.thecut.com/article/euphoria-sydney-sweeney-skin-care-routine.html,How This Euphoria Star Gets Her Skin So Good,Daise Bedolla,The Cut,6702604,SkinCeuticals
10/12/2020,https://www.shape.com/celebrities/interviews/tracee-ellis-ross-interview,Tracee Ellis Ross Is Done Trying to Be Perfect,Mary Anderson,Shape Magazine,5573492,SkinCeuticals
10/9/2020,https://www.thecut.com/2020/10/j-los-beauty-rider-and-favorite-skincare-and-hair-products.html,How J.Lo Looks So Freaking Good,Kathleen Hou,The Cut,6702604,SkinCeuticals
10/9/2020,https://www.refinery29.com/en-us/2020/10/10084289/tayshia-adams-lip-filler-injectables-juvederm,Tayshia Adams Opens Up About Getting Filler For The First Time,Megan Decker,Refinery29,2516019,SkinCeuticals
10/5/2020,https://www.self.com/story/my-bedtime-routine-ashley-graham,"New Mom Ashley Graham's Bedtime Routine Includes Dream Feedings, Meditation, and Skin Care",By Hannah Dylan Pasternak,Self.com,7146775,SkinCeuticals
10/1/2020,https://www.instyle.com/beauty/skin/best-dark-spot-corrector,The 20 Best Dark Spot Correctors to Fade Hyperpigmentation,Amina Lake Abdelrahman,InStyle,4466092,SkinCeuticals
9/30/2020,https://coveteur.com/2020/09/30/best-anti-aging-neck-creams/,The 8 Best Anti-aging Neck Creams,Hannah Baxter,The Coveteur,227685,SkinCeuticals
9/29/2020,https://stylecaster.com/beauty/skinceuticals-ce-ferulic-dupe/,This $21 Vitamin C Serum Is the Closest Formula I’ve Found To SkinCeuticals’ CE Ferulic Acid,Mia Maguire,StyleCaster,3826617,SkinCeuticals
9/25/2020,https://www.instyle.com/beauty/skin/best-age-spot-removers,"The 16 Best Age Spot Removers, According to Thousands of Customer Reviews ",Rebecca Carhart,InStyle,4125694,SkinCeuticals
9/24/2020,https://www.allure.com/story/wildfire-smoke-skin-irritation-treatment,What to Do If Your Skin's Been Exposed to Wildfire Smoke,Kelly Dougher,Allure Magazine,8075922,SkinCeuticals
9/23/2020,https://www.shape.com/lifestyle/beauty-style/what-is-hyperpigmentation-treatment,How to Deal with Hyperpigmentation In Your Skin,Amber Rambharose,Shape Magazine,6266548,SkinCeuticals
9/23/2020,https://www.instyle.com/beauty/skin/face-mask-fall-skincare-tips,Will Maskne Still Be a Thing This Fall?,Erin Lukas,InStyle,4466092,SkinCeuticals
9/23/2020,https://www.refinery29.com/en-us/it-analyst-tampa-fl-salary-money-diary,"A Week In Tampa, FL, On A $80,000 Salary",Refinery29,Refinery29,2681863,SkinCeuticals
9/19/2020,https://www.shape.com/lifestyle/beauty-style/best-pore-cleansers,"The 9 Best Pore Cleansers That Actually Remove Dirt, Oil, and Build-Up",Andrea Jordan,Shape Magazine,6266548,SkinCeuticals
9/18/2020,https://www.refinery29.com/en-us/niacinamide-for-skin,This Dermatologist-Approved Ingredient Treats Almost Every Skin Concern,Jacqueline Kilikita,Refinery29,2681863,SkinCeuticals
9/17/2020,https://www.byrdie.com/biore-uv-aqua-rich-watery-essence-sunscreen-review-5078056,I Found This Drugstore Watery Essence Sunscreen in Japan—And I'm Head Over Heels,,Byrdie (USA),11181438,SkinCeuticals
9/16/2020,https://www.refinery29.com/en-us/ferulic-acid-for-skin,"The Under-The-Radar Ingredient You Need For Brighter, Healthier Skin",Jacqueline Kilikita,Refinery29,2681863,SkinCeuticals
9/15/2020,https://www.byrdie.com/best-face-scrubs-5077195,The 14 Best Face Scrubs for Instantly Glowing Skin,Beatrice Hazlehurst,Byrdie (USA),11181438,SkinCeuticals
9/15/2020,https://www.byrdie.com/mad-hippie-vitamin-c-serum-review-5077580,True Story: This Budget Vitamin C Serum Lightened My Dark Spots in Just 3 Weeks,,Byrdie (USA),11181438,SkinCeuticals
9/15/2020,https://www.allure.com/gallery/best-of-beauty-luxury-beauty-product-winners,The 26 Best Beauty Splurges of 2020,Allure Editors;Martin Vallin,Allure Magazine,8075922,SkinCeuticals
9/9/2020,https://stylecaster.com/beauty/best-face-wash-for-your-skin-type/,The Absolute Best Face Wash for Your Skin Type,Elizabeth Denton,StyleCaster,3826617,SkinCeuticals
9/3/2020,https://coveteur.com/2020/09/03/dark-spots-correctors/,"The Best Over-the-Counter Ingredients to Fight Dark Spots, According to Your Dermatologist",Hannah Baxter,The Coveteur,234058,SkinCeuticals
9/2/2020,https://www.realsimple.com/beauty-fashion/skincare/best-anti-aging-face-oils,"15 Anti-Aging Face Oils That Actually Work, According to Thousands of Beauty Lovers",Rebecca Carhart,Real Simple,6854151,SkinCeuticals
8/31/2020,https://coveteur.com/2020/08/31/beauty-launches-august-2020/,The 47 Best Beauty Products That Launched in August,Hannah Baxter,The Coveteur,234058,SkinCeuticals
8/31/2020,https://www.shape.com/syndication/skinceuticals-physical-fusion-uv-defense-tinted-sunscreen,"This Tinted Sunscreen Is So Lightweight, I Forget I'm Wearing It",InStyle,Shape Magazine,6162412,SkinCeuticals
8/29/2020,https://www.wellandgood.com/skinceuticals-discoloration-defense/,Derms Don’t Go a Day Without Recommending This Dark Spot Corrector,"Zoe Weiner・August 29, 2020",Well+Good,4591131,SkinCeuticals
8/28/2020,https://www.instyle.com/beauty/skin/skinceuticals-physical-fusion-uv-defense-tinted-sunscreen,"This Tinted Sunscreen Is So Lightweight, I Forget I’m Wearing It",Christie Calucchia,InStyle,4125694,SkinCeuticals
8/27/2020,https://www.allure.com/gallery/best-blue-light-skin-care-products,The Best Skin-Care Products to Protect Against Blue Light Damage,Nykia Spradley,Allure Magazine,8230273,"SkinCeuticals, Skinbetter Science, Revision Skincare"
8/26/2020,https://www.thecut.com/article/shawn-johnson-east-tula-pumpkin-scrub-skin-care-routine.html,How This Olympic Gold Medalist Gets Her Skin So Good,Daise Bedolla,The Cut,7076951,SkinCeuticals
8/25/2020,https://stylecaster.com/beauty/tracee-ellis-ross-skin-care-routine/,So This Is How Tracee Ellis Ross Gets Such Great Skin,Elizabeth Denton,StyleCaster,3949138,SkinCeuticals
8/25/2020,https://www.harpersbazaar.com/beauty/skin-care/a33658356/do-pores-open-and-close/,"No, Pores Do Not Open and Close",Jenna Rosenstein,Harper's Bazaar,12941140,SkinCeuticals
8/20/2020,https://www.byrdie.com/spray-tan-tips-5070778,"10 Genius Spray Tan Tips, According to Bronzing Experts",,Byrdie (USA),10825589,SkinCeuticals
8/17/2020,https://www.instyle.com/beauty/skin/best-vitamin-c-serums,The 10 Best Vitamin C Serums for Brighter Skin,Erin Lukas,InStyle,5121638,"SkinCeuticals, Revision Skincare"
8/12/2020,https://www.instyle.com/beauty/cold-weather-fall-skincare,How to Transition Your Skincare Routine From Summer to Fall,Kaitlin Clark,InStyle,5121638,SkinCeuticals
8/10/2020,https://www.realsimple.com/beauty-fashion/makeup/drugstore-dupes,15 Budget-Friendly Alternatives to Cult-Favorite Beauty Products,Kristin Granero,Real Simple,6854151,SkinCeuticals
8/10/2020,https://coveteur.com/2020/08/10/skincare-products-smell-efficacy/,Why We Think Skin-Care Products That Smell the Worst Must Work the Best,Victoria Malloy,The Coveteur,234058,SkinCeuticals
8/6/2020,https://www.byrdie.com/kate-somerville-eradikate-acne-treatment-review-5073848,This Acne Treatment Shrunk My Maskne In Half—Overnight,,Byrdie (USA),10825589,SkinCeuticals
8/5/2020,https://www.byrdie.com/oily-t-zone-help-4846208,"How to Manage An Oily T-Zone, According to Experts",,Byrdie (USA),9614643,SkinCeuticals
8/4/2020,https://www.byrdie.com/camila-coelho-elaluz-5073189,"Camila Coelho Launches a Brazilian-Inspired Beauty Line, and We Have All the Details",,Byrdie (USA),9614643,SkinCeuticals
8/1/2020,https://www.allure.com/gallery/new-skin-care-products-august-2020,The Best New Skin-Care Products Launching in August,,Allure Magazine,7972886,SkinCeuticals
7/31/2020,https://www.thecut.com/2020/07/sale-supergoop-madewell-anker-casper-wild-one.html,18 Things On Sale You’ll Actually Want to Buy — From Our Two-Day (Actually Good) Sale,The Editors,The Cut,7407484,SkinCeuticals
7/30/2020,https://www.oprahmag.com/beauty/skin-makeup/g33435288/at-home-microdermabrasion-kits/,10 Best At-Home Microdermabrasion Kits and Products That Really Work,Brigitt Earley,The Oprah Magazine,5918697,SkinCeuticals
7/29/2020,https://www.oprahmag.com/beauty/skin-makeup/g33447208/best-face-exfoliator/,"20 Best Face Exfoliators for All Skin Types, According to Dermatologists",Brigitt Earley,The Oprah Magazine,5918697,SkinCeuticals
7/28/2020,https://www.thecut.com/article/outer-banks-madelyn-cline-cystic-acne-skin-care-routine.html,How This Outer Banks Actress Gets Her Skin So Good,Daise Bedolla,The Cut,7407484,SkinCeuticals
7/27/2020,https://wwd.com/shop/shop-beauty/best-skin-care-products-1203676291/,The Best Skin Care Products of 2020,Celia Shatzman,WWD,796600,SkinCeuticals
7/24/2020,https://www.thecut.com/2020/07/dermstore-sunscreens-sun-care-campaign.html,Applying Sunscreen Has Never Looked Less Annoying,Erica Smith,The Cut,7407484,SkinCeuticals
7/22/2020,https://www.byrdie.com/how-to-apply-liquid-lipstick-5071051,How to Apply Smudge-Free Liquid Lipstick So it Lasts All Day,,Byrdie (USA),9165431,SkinCeuticals
7/16/2020,https://people.com/style/maskne-acne-under-face-mask-explained/,'Maskne' Is a Thing: Why Are You Breaking Out Under Your Face Mask and What Can You Do About It?,,People.com,28387790,SkinCeuticals
7/16/2020,https://www.popsugar.com/beauty/best-skinceuticals-products-47618907,12 SkinCeuticals Products That Should Be on Your Radar If You're a Skin-Care Lover,India Yaffe,Popsugar,12677978,SkinCeuticals
7/16/2020,https://www.allure.com/gallery/michelles-most-wanted-eye-makeup-skin-care-products,The 8 Beauty Products Allure’s Editor in Chief Michelle Lee's Eyes Aren't Complete Without,,Allure Magazine,8120066,SkinCeuticals
7/15/2020,https://www.popsugar.com/beauty/skinceuticals-age-eye-complex-review-47616163,"Of All the Eye Creams I've Used, This Is the Only One That's Shown Me Real Results",Krista Jones,Popsugar,12677978,SkinCeuticals
7/12/2020,https://coveteur.com/2020/07/12/shereene-idriss-spa-routine/,Sunday Spa Routine with Dr. Shereene Idriss,Halle Lagatta,The Coveteur,173360,SkinCeuticals
7/2/2020,https://coveteur.com/2020/07/02/antioxidants-skin-benefits/,Here’s Why You Need Antioxidants in Your Summer Skin-Care Routine,Isabella Sarlija,The Coveteur,173360,SkinCeuticals
6/29/2020,https://www.refinery29.com/en-us/2020/06/9888468/quarantine-skin-care-dermatologist-routines,5 Dermatologists Share Their Quarantine Skin-Care Routines,Caitlin Kenny,Refinery29,16092686,"SkinCeuticals, Skinbetter Science"
6/27/2020,https://stylecaster.com/beauty/best-lip-injection-alternatives/,"Lip Products That Are *Almost* as Good as Injections, According to The Pros",Mia Maguire,StyleCaster,4765730,SkinCeuticals
6/23/2020,https://www.instyle.com/beauty/skin/lucy-hale-kate-somerville-dermal-quench-treatment,Lucy Hale's 25-Step Beauty Routine Includes This Powerful Anti-Aging Serum,Maya Gandara,InStyle,4109335,SkinCeuticals
6/22/2020,https://coveteur.com/2020/06/22/blue-light-skin-damage/,How All This Extra Blue Light Is Damaging Our Skin,Bibi Deitz,The Coveteur,173360,"SkinCeuticals, Skinbetter Science"
6/21/2020,https://coveteur.com/2020/06/21/skin-picking-treatment-tips/,"If Skin Picking Is Especially Hard to Manage Right Now, You’re Not Alone",Jacqueline DeMarco,The Coveteur,173360,SkinCeuticals
6/20/2020,https://www.byrdie.com/nighttime-routines-of-beautiful-women,The Nighttime Beauty Rituals of the World's Most Beautiful Women,,Byrdie (USA),9165431,SkinCeuticals
6/16/2020,https://www.byrdie.com/skinceuticals-hyaluronic-acid-intensifier-serum-review-4845568,I Tried This Innovative Hyaluronic Acid Serum and the Glow Is Real,,Byrdie (USA),9165431,SkinCeuticals
6/15/2020,https://www.byrdie.com/hyperpigmentation-latin-skin,Latin Skin Is More Susceptible to Hyperpigmentation—Here’s What to Do,,Byrdie (USA),9165431,SkinCeuticals
6/15/2020,https://www.byrdie.com/skinceuticals-ce-ferulic-alternatives,5 CE Ferulic Acid Serums Under $90,,Byrdie (USA),9165431,SkinCeuticals
6/15/2020,https://www.byrdie.com/drugstore-anti-aging-cream,I Swapped My Expensive Skincare for Drugstore Products and Didn't Hate It,,Byrdie (USA),9165431,SkinCeuticals
6/15/2020,https://www.byrdie.com/how-to-fade-brown-spots-best-products-2014,Expert Advice on How To Fade Brown Spots,,Byrdie (USA),9165431,SkinCeuticals
6/15/2020,https://www.byrdie.com/best-retinol-for-your-skin-type,What Strength of Retinol Do You Need?,,Byrdie (USA),9165431,SkinCeuticals
6/15/2020,https://www.byrdie.com/do-i-need-foundation,Why I'm Over Foundation (and What I Use Instead),,Byrdie (USA),9165431,SkinCeuticals
6/15/2020,https://www.byrdie.com/chemical-peels-for-acne-scars,These Chemical Peels for Acne Scars Are Dermatologist-Approved,,Byrdie (USA),9165431,"SkinCeuticals, Skinbetter Science"
6/15/2020,https://www.byrdie.com/gifts-for-girls-who-dont-wear-makeup,8 Gifts for the Girl Who Doesn't Wear Makeup,,Byrdie (USA),9165431,SkinCeuticals
6/15/2020,https://www.byrdie.com/post-inflammatory-hyperpigmentation-treatment,The Post-Inflammatory Hyperpigmentation Treatments You Need,,Byrdie (USA),9165431,SkinCeuticals
6/15/2020,https://www.byrdie.com/best-spas-in-chicago,These Are the Best Spas in Chicago,,Byrdie (USA),9165431,SkinCeuticals
6/14/2020,https://www.wellandgood.com/good-looks/multi-moisturizing-for-skin/,Is Multi-Moisturizing the New Multi-Masking? All Signs Point to Yes,"Shani Hillian ‧ June 14, 2020",Well+Good,3323186,SkinCeuticals
6/8/2020,https://www.harpersbazaar.com/beauty/makeup/a32802585/kylie-cosmetics-discloses-black-employees/,Kylie Cosmetics Discloses That 13 Percent of Its Team Is Made Up of Black Employees,Chelsey Sanchez,Harper's Bazaar,12524056,SkinCeuticals
6/4/2020,https://www.shape.com/lifestyle/beauty-style/skin-during-quarantine,What's Going On with Your Skin During Quarantine?,Sara Spruch-Feiner,Shape Magazine,6579642,SkinCeuticals
6/1/2020,https://www.byrdie.com/dr-barbara-sturm-hyaluronic-serum-review-4845072,Is This $300 Hyaluronic Serum Worth the Price? We Tested It to Find Out,,Byrdie (USA),9165431,SkinCeuticals
5/29/2020,https://coveteur.com/2020/05/29/lightweight-complexion-makeup/,Our Favorite Sheer Complexion Products for Breathable Summer Skin,Hannah Baxter,The Coveteur,173360,SkinCeuticals
5/28/2020,https://www.self.com/gallery/best-sunscreen-for-face,"22 Best Sunscreens for Your Face, According to Dermatologists",By Sarah Jacoby and Jessica Cruel,Self.com,6717791,SkinCeuticals
5/28/2020,https://people.com/beauty/best-moisturizers-dry-skin/,"10 Must-Have Moisturizers for Dry Skin, According to Reviews",bridget degnan,People.com,27192000,SkinCeuticals
5/28/2020,https://www.wellandgood.com/good-looks/best-sunscreens-by-type/,"42 of the editor-tested, absolute best sunscreens for summer—no matter which texture you prefer","by Rachel Lapidos, May 28, 2020",Well+Good,3323186,"SkinCeuticals, ZO Skin Health"
5/27/2020,https://www.shape.com/lifestyle/beauty-style/vitamin-e-for-skin,Here's Why Should You Consider Using Vitamin E for Your Skin,Melanie Rud,Shape Magazine,6579642,"SkinCeuticals, Skinbetter Science"
5/26/2020,https://www.thecut.com/article/dermatologist-dr-dendy-engelman-favorite-beauty-products.html,The 20 Beauty Products Dr. Dendy Engelman Uses to the Last Drop,Daise Bedolla,The Cut,7787267,SkinCeuticals
5/22/2020,https://www.refinery29.com/en-us/2020/05/9823060/augustinus-bader-the-cream-review,How Augustinus Bader Became A Cult Skin-Care Brand Overnight,Rachel Krause,Refinery29,16092686,SkinCeuticals
5/20/2020,https://www.realsimple.com/beauty-fashion/skincare/skinceuticals-triple-lipid-restore-anti-aging-cream,Shoppers of All Ages Love This Anti-Aging Cream,Christie Calucchia,Real Simple,7222980,SkinCeuticals
5/20/2020,https://www.byrdie.com/how-to-stop-biting-lips-4845649,"How to Stop Biting Your Lips, According to Dermatologists",,Byrdie (USA),9165431,SkinCeuticals
5/19/2020,https://www.wellandgood.com/good-looks/how-to-make-botox-last-longer/,"How to make your Botox last longer, according to dermatologists","by Rachel Lapidos, May 19, 2020",Well+Good,3323186,"SkinCeuticals, Revision Skincare"
5/19/2020,https://www.instyle.com/beauty/skin/face-masks-for-acne,These 10 Face Masks Help Clear Breakouts Faster ,Erin Lukas,InStyle,3349732,SkinCeuticals
5/19/2020,https://www.byrdie.com/skinceuticals-c-e-ferulic-review-4844949,"Editors Everywhere Are Obsessed With This Vitamin C Serum, So I Tried It",,Byrdie (USA),9165431,SkinCeuticals
5/18/2020,https://www.byrdie.com/niacinamide-and-vitamin-c-4845348,Can You Use Niacinamide and Vitamin C at the Same Time? We Asked Derms,,Byrdie (USA),9165431,SkinCeuticals
5/18/2020,https://coveteur.com/2020/05/18/hyaluronic-acid-hydrating-alternative/,Hyaluronic Acid Might Not Be the Most Hydrating Skin-Care Ingredient After All,Hannah Baxter,The Coveteur,173360,SkinCeuticals
5/18/2020,https://www.harpersbazaar.com/beauty/skin-care/a32463470/madelyn-cline-skin-care-routine/,Watch Madelyn Cline's Skin Care Routine,Chelsey Sanchez,Harper's Bazaar,12524056,SkinCeuticals
5/14/2020,https://www.realsimple.com/beauty-fashion/makeup/makeup-with-face-mask,How to Do Your Makeup If You'll Be Wearing a Face Mask,Hana Hong,Real Simple,7222980,SkinCeuticals
5/12/2020,https://people.com/beauty/hannah-brown-skincare-routine-skinceuticals-hydrating-gel/,Hannah Brown’s $300 Skincare Routine Includes This Cult-Favorite Anti-Aging Gel,eva thomas,People.com,27192000,SkinCeuticals
5/11/2020,https://www.byrdie.com/madelyn-cline-quarantine-diaries-4844569,Quarantine Diaries: Madelyn Cline on Her 'The Sims' Obsession and $7 Skincare Holy-Grail,,Byrdie (USA),9165431,SkinCeuticals
5/11/2020,https://www.byrdie.com/madelyne-cline-quarantine-diaries-4844569,Quarantine Diaries: Madelyne Cline on Her 'The Sims' Obsession and $7 Skincare Holy-Grail,,Byrdie (USA),9165431,SkinCeuticals
5/9/2020,https://coveteur.com/2020/05/09/ingestible-topical-vitamins/,This Is Your Skin on Vitamins,Isabella Sarlija,The Coveteur,173360,SkinCeuticals
5/8/2020,https://www.wellandgood.com/good-looks/chemical-peel-treatment/,"Every single type of chemical peel, ranked from most to least intense","by Kate Foster, May 8, 2020",Well+Good,3323186,SkinCeuticals
5/7/2020,https://www.wellandgood.com/good-looks/how-to-avoid-a-face-mask-tan/,5 of the best face sunscreens to help you avoid a wonky-looking mask tan,"by Zoe Weiner, May 7, 2020",Well+Good,3323186,SkinCeuticals
5/1/2020,https://www.allure.com/gallery/best-mothers-day-gifts-ideas,The Best Mother’s Day Gift Ideas That Aren’t Flowers,,Allure Magazine,7809330,SkinCeuticals
4/29/2020,https://www.wellandgood.com/good-looks/what-happens-when-you-dont-moisturize-face/,This is *exactly* what happens to your skin when you stop moisturizing,"by Rachel Lapidos, April 29, 2020",Well+Good,3170065,SkinCeuticals
4/27/2020,https://www.harpersbazaar.com/beauty/skin-care/a32253446/blue-light-skin-damage/,Staring at Your Phone Could Be Messing With Your Skin,Katie Intner,Harper's Bazaar,13125852,SkinCeuticals
4/24/2020,https://stylecaster.com/beauty/at-home-acne-treatment/,20 At-Home Acne Treatments for Breakouts That Won’t Go Away,Nikki Brown,StyleCaster,5129583,SkinCeuticals
4/20/2020,https://www.shape.com/lifestyle/beauty-style/halle-berry-diy-face-mask,Halle Berry Shared One of Her Favorite DIY Face Mask Recipes,Renee Cherry,Shape Magazine,5302889,SkinCeuticals
4/20/2020,https://www.instyle.com/beauty/christina-hendricks-red-hair-skincare,You'll Never Guess How Christina Hendricks Gets Her Red Hair,Alison Syrett Cleary,InStyle,3349732,SkinCeuticals
4/16/2020,https://stylecaster.com/beauty/how-to-make-botox-last-longer/,8 Top Doctors Explain How To Prolong Botox & Filler At Home,Alana Peden,StyleCaster,5129583,"SkinCeuticals, Skinbetter Science, Revision Skincare"
4/16/2020,https://www.harpersbazaar.com/beauty/skin-care/g32173292/best-dermstore-products/,The Skincare Products Our Editors Are Shopping Right Now,Jenna Rosenstein,Harper's Bazaar,13125852,SkinCeuticals
4/16/2020,https://www.harpersbazaar.com/beauty/skin-care/a32160754/camila-mcconaughey-skin-care-routine/,Watch Camila McConaughey Share Her Nightly Skin Care Routine,Chelsey Sanchez,Harper's Bazaar,13125852,SkinCeuticals
4/15/2020,https://stylecaster.com/beauty/best-exfoliating-toner/,14 Exfoliating Toners for Giving Your Skin a Fresh Start,Nikki Brown,StyleCaster,5129583,SkinCeuticals
4/15/2020,https://www.harpersbazaar.com/beauty/skin-care/g32159690/best-stores-to-buy-skincare-online/,The Best Sites to Shop For Skincare Right Now,Jenna Rosenstein,Harper's Bazaar,13125852,SkinCeuticals
4/14/2020,https://www.wellandgood.com/good-looks/esthetician-oily-skin-routine/,"I’m an esthetician with oily skin, and this is exactly what I do to my skin","by Zoe Weiner, April 14, 2020",Well+Good,3170065,SkinCeuticals
4/14/2020,https://www.thecut.com/article/maybelline-sarah-mendelsohn-eczema-skin-care-routine.html,How Maybelline’s Social Media Manager Gets Her Skin So Good,Daise Bedolla,The Cut,6329853,SkinCeuticals
4/13/2020,https://coveteur.com/2020/04/13/clarifying-face-masks/,12 Face Masks to Give Your Pores a Spring Cleaning,Isabella Sarlija,The Coveteur,383813,SkinCeuticals
4/12/2020,https://www.refinery29.com/en-us/lawyer-new-york-ny-salary-money-diary,"A Week In New York, NY, On A $89,000 Salary",Refinery29,Refinery29,15155753,SkinCeuticals
4/9/2020,https://www.popsugar.com/beauty/breakouts-dry-skin-during-self-isolation-47380372,6 Dermatologists and Skin Experts Explain Why Your Breakouts Are Out of Control Right Now,Tori Crowther,Popsugar,11425347,SkinCeuticals
4/8/2020,https://www.shape.com/lifestyle/beauty-style/rosie-huntington-whiteley-non-comedogenic-skin-care,Rosie Huntington-Whiteley Swears By These Non-Comedogenic Products to Prevent Acne,Renee Cherry,Shape Magazine,5302889,"SkinCeuticals, ZO Skin Health"
4/7/2020,https://www.refinery29.com/en-us/2020/04/9663817/do-you-need-skin-care-inside-indoors,Is Skin Care Still Necessary If You’re Almost Always Indoors?,Rhea Cartwright,Refinery29,15155753,SkinCeuticals
4/7/2020,https://coveteur.com/2020/04/07/danielle-guizio-deskside/,Working from Home with Danielle Guizio,Olivia Kenney,The Coveteur,383813,SkinCeuticals
4/6/2020,https://www.refinery29.com/en-us/feel-good-diary-coronavirus-anxiety-self-care,What I Spent On Self-Care During The Coronavirus Pandemic,Refinery29,Refinery29,15155753,SkinCeuticals
4/6/2020,https://www.oprahmag.com/beauty/skin-makeup/g32009018/best-moisturizer-for-oily-skin/,15 Best Moisturizers for Oily and Acne-Prone Skin,Brigitt Earley,The Oprah Magazine,5462609,SkinCeuticals
4/6/2020,https://www.oprahmag.com/beauty/skin-makeup/g32012895/best-collagen-serum/,15 Best Collagen Serums That Hydrate and Firm Skin,Brigitt Earley,The Oprah Magazine,5462609,SkinCeuticals
4/3/2020,https://www.thecut.com/2020/04/shen-beauty-founder-shares-her-favorite-face-oils.html,The Owner of Shen Beauty Thinks Red Lipstick Sales Are About to Go Up,Jane Larkworthy,The Cut,6329853,SkinCeuticals
4/2/2020,https://www.allure.com/story/how-to-give-yourself-facial,"How Give Yourself a Spa-Level Facial at Home, According to Experts",,Allure Magazine,7809330,SkinCeuticals
4/2/2020,https://www.self.com/story/blue-light-skin,Here’s What Sitting in Front of a Screen All Day Is Doing to Your Skin,By Sarah Jacoby,Self.com,6211187,SkinCeuticals
4/1/2020,https://www.refinery29.com/en-us/2020/04/9636988/ashley-graham-revlon-makeup-collection-interview,Ashley Graham On The Power Of Wearing Makeup In Isolation,Megan Decker,Refinery29,15155753,SkinCeuticals
3/30/2020,https://www.popsugar.com/beauty/charlotte-tilbury-magic-cream-moisturizer-review-47353522,"I Started Using Charlotte Tilbury's Magic Cream Moisturizer, and the Glow-Up Is Real",Laura Lajiness,Popsugar,11425347,SkinCeuticals
3/27/2020,https://www.byrdie.com/emma-louise-connolly-interview,This Brit Model Shares Her Complete Health and Fitness Routine,,Byrdie (USA),9971070,SkinCeuticals
3/27/2020,https://www.byrdie.com/vitamins-for-skin,The Secret to Great Skin? Taking the Alphabet Approach,,Byrdie (USA),9971070,SkinCeuticals
3/26/2020,https://www.byrdie.com/celebrity-fair-skin-products,7 Makeup Tips Fair-Skinned Celebs Swear By,,Byrdie (USA),9971070,SkinCeuticals
3/26/2020,https://www.self.com/story/perfect-daily-skin-care-routine,Here’s How to Create the Perfect Daily Skin-Care Routine,By Sarah Jacoby,Self.com,6211187,SkinCeuticals
3/25/2020,https://www.wellandgood.com/good-looks/daily-skin-care-routine-at-home/,How to tweak your skin-care routine now that you’re spending more time at home,"by Zoe Weiner, March 25, 2020",Well+Good,3757051,SkinCeuticals
3/24/2020,https://www.thecut.com/article/poke-pr-holifrog-emily-parr-skin-care.html,How This Beauty Founder and Publicist Gets Her Skin So Good,Daise Bedolla,The Cut,6329853,SkinCeuticals
3/23/2020,https://www.allure.com/gallery/best-sheet-masks-for-every-budget,The Best Sheet Masks for Every Budget,,Allure Magazine,7809330,SkinCeuticals
3/21/2020,https://www.wellandgood.com/good-looks/what-is-malic-acid/,Estheticians approve of malic acid as an ultra-gentle way to exfoliate skin,"by Shani Hillian, March 21, 2020",Well+Good,3757051,SkinCeuticals
3/20/2020,https://www.byrdie.com/best-cellulite-creams-4800076,"There's No Magic Cure for Cellulite, But These Creams Definitely Help",Melanie Rud,Byrdie (USA),9971070,SkinCeuticals
3/17/2020,https://www.byrdie.com/birth-control-melasma-side-effects,Is Your Birth Control Causing Dark Spots?,,Byrdie (USA),9971070,SkinCeuticals
3/17/2020,https://www.harpersbazaar.com/beauty/skin-care/g31456748/best-reef-safe-sunscreen/,The Best Reef-Safe Sunscreen Formulas to Slather on This Summer,Lindy Segal,Harper's Bazaar,13125852,SkinCeuticals
3/11/2020,https://www.byrdie.com/jojoba-oil-for-skin-4783234,Here's Why Jojoba Oil Is One of the Most Beloved Skincare Oils,,Byrdie (USA),9971070,SkinCeuticals
3/9/2020,https://www.realsimple.com/beauty-fashion/skincare/spring-beauty-routine,4 Ways to Spring Clean Your Skincare Routine,Melanie Rud,Real Simple,6109879,SkinCeuticals
3/6/2020,https://www.byrdie.com/home-remedies-for-dark-spots-4783153,How to Fade Dark Spots With Ingredients You Already Have in Your Kitchen,,Byrdie (USA),9971070,"SkinCeuticals, Skinbetter Science"
3/5/2020,https://coveteur.com/2020/03/05/spring-skin-repair-tips/,How Beauty Insiders Rehab Dry Winter Skin,Hannah Baxter,The Coveteur,250464,SkinCeuticals
3/4/2020,https://www.byrdie.com/karolina-kurkova-gryph-ivyrose-interview-4798800,Karolina Kurkova Tells Us Her Wellness Secrets (and the Korean Skincare Brand She Loves),,Byrdie (USA),9971070,SkinCeuticals
3/4/2020,https://www.wellandgood.com/good-looks/skincare-products-worth-the-splurge/,8 of the most name-dropped skin-care products that are worth the splurge,"by Rachel Lapidos, March 4, 2020",Well+Good,3757051,SkinCeuticals
3/3/2020,https://www.thecut.com/article/the-buff-jasmine-garnsworthy-skin-care-routine.html,How This Digital Comms Specialist Gets Her Skin So Good,Daise Bedolla,The Cut,6784406,SkinCeuticals
2/29/2020,https://www.allure.com/gallery/allure-most-sold-beauty-products,The 16 Most-Popular Products Sold on Allure This Month,,Allure Magazine,8385822,SkinCeuticals
2/28/2020,https://www.byrdie.com/menopause-skincare-4797851,We Need to Be Talking More About Skincare During Menopause,,Byrdie (USA),8634372,SkinCeuticals
2/26/2020,https://www.self.com/story/hydrating-skin-care-ingredients,"7 Skin-Care Ingredients That Will Actually Help Moisturize Dry, Dull Skin",By Sarah Jacoby,Self.com,7351012,SkinCeuticals
2/25/2020,https://www.realsimple.com/beauty-fashion/skincare/how-to-recover-tired-skin,8 Ways to Revive Tired Skin After a Bad Night’s Sleep,Lindsay Tigar,Real Simple,7482376,SkinCeuticals
2/25/2020,https://www.allure.com/gallery/best-keratosis-pilaris-treatments-skin-care-products,"The Best Exfoliating Lotions, Scrubs, and Cleansers for Treating Keratosis Pilaris",,Allure Magazine,8385822,SkinCeuticals
2/25/2020,https://www.shape.com/lifestyle/beauty-style/do-face-masks-work,Do Face Masks *Actually* Do Anything for Your Skin?,"Mona Gohara, MD",Shape Magazine,6567342,"SkinCeuticals, Revision Skincare"
2/25/2020,https://www.oprahmag.com/beauty/skin-makeup/g31080909/best-serums-for-acne/,10 Best Acne Serums Dermatologists Say Really Work,Brigitt Earley,The Oprah Magazine,5711333,SkinCeuticals
2/24/2020,https://www.wellandgood.com/good-looks/tranexamic-acid-for-skin/,"This buzzy skin ingredient is like a brightening, discoloration-fighting laser in a bottle","by Zoe Weiner, February 24, 2020",Well+Good,3953190,SkinCeuticals
2/24/2020,https://stylecaster.com/beauty/acne-scar-products/,"According to Reviews, These Acne Scar Removal Products are the Real Deal",Nikki Brown,StyleCaster,4277751,SkinCeuticals
2/24/2020,https://www.harpersbazaar.com/beauty/skin-care/g25939407/best-retinol-creams/,The 11 Best Retinol Creams You Can Get Right Now,Harper's Bazaar Staff,Harper's Bazaar,13340278,SkinCeuticals
2/21/2020,https://www.byrdie.com/kojic-acid-for-skin-4782187,Dermatologists Love Kojic Acid for Preventing Dark Spots,,Byrdie (USA),8634372,SkinCeuticals
2/21/2020,https://www.byrdie.com/best-retinol-for-sensitive-skin-4796929,14 Retinols That Are Gentle Enough for Sensitive Skin,Syden Abrenica,Byrdie (USA),8634372,SkinCeuticals
2/21/2020,https://www.thecut.com/2020/02/the-brand-president-of-kiehls-is-also-its-biggest-fan.html,Skin-Care Wisdom from the Head of Kiehl’s,Jane Larkworthy,The Cut,6784406,"SkinCeuticals, Revision Skincare"
2/21/2020,https://www.allure.com/story/dermatologists-skin-care-products-budget-cost,3 Dermatologists Share How They Spend Their Money on Skin Care,,Allure Magazine,8385822,SkinCeuticals
2/14/2020,https://www.realsimple.com/beauty-fashion/skincare/best-skincare-brands,6 Skincare Brands This Beauty Editor Swears By,Hana Hong,Real Simple,7482376,SkinCeuticals
2/13/2020,https://www.refinery29.com/en-us/top-selling-beauty-products,These Are Top 10 Beauty Products That People Are Really Into Right Now,Karina Hoshikawa,Refinery29,21897768,SkinCeuticals
2/10/2020,https://stylecaster.com/beauty/skincare-products-that-work-like-filler/,These Skin-Plumping Products Are The Ultimate Self-Care Treatment,Mia Maguire,StyleCaster,4277751,SkinCeuticals
2/10/2020,https://www.refinery29.com/en-us/finance-director-atlanta-ga-salary-money-diary,"A Week In Atlanta, GA On A $305,000 Joint Income",You,Refinery29,21897768,SkinCeuticals
2/6/2020,https://www.byrdie.com/seaweed-for-skin-4782388,The Sushi Ingredient You Should Have in Your Skincare Routine,,Byrdie (USA),8634372,SkinCeuticals
2/5/2020,https://www.byrdie.com/resveratrol-for-skin-4777485,Dermatologists Love Resveratrol (Found in Red Wine) for Healthy Skin,,Byrdie (USA),8634372,SkinCeuticals
2/4/2020,https://www.thecut.com/article/stranger-things-caroline-arapoglou-skin-care-routine.html,How This Stranger Things Actress Gets Her Skin So Good,Daise Bedolla,The Cut,4276509,SkinCeuticals
2/4/2020,https://www.wellandgood.com/good-looks/fragrance-in-skin-care/,Some of the best beauty products have notorious scents—here’s why,"by Rachel Lapidos, February 4, 2020",Well+Good,3953190,SkinCeuticals
1/31/2020,https://www.wellandgood.com/good-looks/cult-favorite-beauty-products/,Cult-favorite skin care sells every second—what makes it so much better than the rest?,"by Arden Fanning Andrews, January 31, 2020",Well+Good,3953190,SkinCeuticals
1/29/2020,https://www.self.com/story/vitamin-c-for-skin-tips,9 Things You Need to Know Before Using a Vitamin C Serum,By Sarah Jacoby,Self.com,7351012,"SkinCeuticals, Revision Skincare"
1/27/2020,https://www.shape.com/lifestyle/beauty-style/squalane-oil,Everything You Need to Know About Squalane Oil—Plus the Best Skin-Care Products,Melanie Rud,Shape Magazine,6567342,SkinCeuticals
1/23/2020,https://www.allure.com/story/why-your-lip-balm-does-not-work-dermatologist-advice,"Your Lip Balm Could Be Making Your Chapped Lips Worse, Experts Say",,Allure Magazine,7641947,SkinCeuticals
1/22/2020,https://www.allure.com/story/anya-taylor-joy-hair-skin-care-makeup-tips,Anya Taylor-Joy Has Tons of Beauty Advice for People Who Are Too Busy to Function,,Allure Magazine,7641947,SkinCeuticals
1/14/2020,https://www.thecut.com/article/dermatologist-shereene-idriss-skin-care-routine.html,How This Dermatologist Gets Her Skin So Good,Daise Bedolla,The Cut,4276509,SkinCeuticals
1/14/2020,https://www.shape.com/syndication/hailey-bieber-favorite-skin-care-products,Hailey Bieber Broke Down Her $995 Skin-Care Routine—Here's Where to Buy Every Product,People,Shape Magazine,6567342,SkinCeuticals
1/14/2020,https://www.shape.com/lifestyle/beauty-style/best-salicylic-acid-face-wash,The Best Salicylic Acid Face Wash for Every Skin Type,Melanie Rud,Shape Magazine,6567342,SkinCeuticals
1/13/2020,https://www.wellandgood.com/good-looks/skinceuticals-skinlab/,Cult-fave brand Skinceuticals is opening its first IRL shops—and facials are involved,"by Kara Jillian Brown, January 13, 2020",Well+Good,3953190,SkinCeuticals
1/13/2020,https://people.com/style/hailey-bieber-favorite-skincare-products-instagram-story/,Hailey Bieber Just Broke Down Her $995 Skincare Routine (Here’s Where to Buy Every Product!),kami phillips,People.com,34033079,SkinCeuticals
1/10/2020,https://www.shape.com/lifestyle/beauty-style/skin-care-routine-challenge,Finally Get Your Skin-Care Goals On Track with This 4-Week Challenge,Renee Cherry,Shape Magazine,6567342,SkinCeuticals
1/9/2020,https://wwd.com/beauty-industry-news/beauty-features/skinceuticals-services-skinlab-locations-1203415434/,EXCLUSIVE: SkinCeuticals to Offer ‘Accessible Aesthetics’ Via Physical Locations,Alexa Tietjen,WWD,796117,SkinCeuticals
1/8/2020,https://www.thecut.com/2020/01/review-maeloves-glow-maker-vitamin-c-antioxidant-serum.html,"I Recommend This Affordable, Amazing Vitamin C Serum to Everyone",Kathleen Hou,The Cut,3492313,SkinCeuticals
1/8/2020,https://www.harpersbazaar.com/beauty/skin-care/a30419022/restore-by-harpers-bazaar/,Introducing Restore by Harper's BAZAAR: A Luxurious Spa Day Taking Place This May,Jenna Rosenstein,Harper's Bazaar,12593058,SkinCeuticals
1/7/2020,https://www.thecut.com/article/beauty-journalist-daniela-morosini-skin-care-routine.html,How This Beauty Journalist Gets Her Skin So Good,Daise Bedolla,The Cut,3492313,SkinCeuticals
1/6/2020,https://www.wellandgood.com/good-looks/cholesterol-in-skin/,"Derms swear by cholesterol (yep, cholesterol!) as a moisturizing hero for skin","by Zoe Weiner, January 6, 2020",Well+Good,4160351,SkinCeuticals
11/30/2020,https://coveteur.com/2020/11/30/new-beauty-launches-november-2020/,The 17 Best Beauty Products That Launched in November,Hannah Baxter,The Coveteur,240144,Skinbetter Science
11/23/2020,https://www.realsimple.com/beauty-fashion/skincare/skincare-face/best-at-home-facial-peels,7 At-Home Facial Peels Pros Swear by for Flake-Free Skin,Kristin Granero;Kristin Granero,Real Simple,6483411,Skinbetter Science
11/16/2020,https://coveteur.com/2020/11/16/skin-barrier-damage/,So You’ve Damaged Your Skin Barrier—Now What?,Fani Mari,The Coveteur,240144,"Skinbetter Science, ZO Skin Health"
11/5/2020,https://www.thecut.com/2020/11/the-biggest-mistake-youre-making-with-spf-moisturizer.html,The Biggest Mistake You’re Making With SPF Moisturizer,Katie Heaney,The Cut,6144157,Skinbetter Science
9/10/2020,https://www.realsimple.com/beauty-fashion/skincare/anti-aging/best-anti-aging-products,12 Anti-Aging Products That Provide Instant Results,Kristin Granero,Real Simple,6427031,Skinbetter Science
9/10/2020,https://www.shape.com/lifestyle/beauty-style/2020-shape-beauty-awards-derm-picks,The 2020 Shape Beauty Awards: Derm Picks,"Kate Sandoval Box, Erin Reimel & Jenn Barthole",Shape Magazine,6266548,Skinbetter Science
8/18/2020,https://www.allure.com/story/history-and-future-of-beauty-products,"If You Want to Predict the Future of Beauty Products, Look to the Past",Maura Lynch,Allure Magazine,8230273,Skinbetter Science
6/1/2020,https://coveteur.com/2020/06/01/reapply-sunscreen-makeup/,How to Reapply Sunscreen When You’re Wearing Makeup,Michelle Rostamian,The Coveteur,173360,Skinbetter Science
5/5/2020,https://www.realsimple.com/beauty-fashion/skincare/quarantine-skin-issues,Dealing With Quarantine Skin? Here’s Why—and What You Can Do to Fix It,Hana Hong,Real Simple,5830084,Skinbetter Science
5/1/2020,https://stylecaster.com/beauty/diy-blackhead-removal/,Expert Advice for Getting Rid of Blackheads at Home Without Tools,Nikki Brown,StyleCaster,5129583,Skinbetter Science
4/30/2020,https://www.allure.com/gallery/health-care-workers-beauty-self-care-routines,How Essential Health Care Workers Use Beauty as a Form of Self-Care,,Allure Magazine,7809330,"Skinbetter Science, Revision Skincare"
4/30/2020,https://www.huffpost.com/entry/sunscreen-blue-light_l_5ea306a1c5b6d376358eb76c,Should We Wear Sunscreen To Protect Our Skin From Blue Light Damage?,Joline Buscemi,The Huffington Post,30336909,Skinbetter Science
4/20/2020,https://www.allure.com/gallery/house-calls-dermatologist-product-recommendations,"House Calls: Your Biggest Questions on Skin, Answered by Dermatologists",,Allure Magazine,7809330,Skinbetter Science
2/28/2020,https://www.wellandgood.com/good-looks/how-to-treat-hyperpigmentation/,"I’m a facialist, and this is the most common skin concern I get asked about","by Rachel Lapidos, February 28, 2020",Well+Good,3953190,Skinbetter Science
2/28/2020,https://www.byrdie.com/liver-spots-4795827,"How Can I Erase the Liver Spots on My Face, Hands, and Chest?",,Byrdie (USA),8634372,Skinbetter Science
2/27/2020,https://www.thecut.com/article/black-women-retinol.html,Should Black Women Be Using Retinol?,Tembe Denton-Hurst,The Cut,6784406,Skinbetter Science
2/5/2020,https://www.byrdie.com/butylene-glycol-for-skin-4774849,"The Truth About Butylene Glycol, According to Skin Experts",,Byrdie (USA),8634372,Skinbetter Science
1/31/2020,https://www.realsimple.com/beauty-fashion/skincare/sleep-skin-health,Here’s What Happens to Your Skin When You Don’t Get Enough Sleep,Stacey Leasca,Real Simple,6390274,Skinbetter Science
1/22/2020,https://www.shape.com/lifestyle/beauty-style/flexible-skin-care-routine,"Why You Need a Flexible Skin-Care Routine, According to Experts",Genevieve Monsma,Shape Magazine,6567342,Skinbetter Science
1/20/2020,https://www.allure.com/story/what-is-allantoin-skin-care-ingredient-korean-beauty,Why K-Beauty Ingredient Allantoin Deserves a Place in Your Sensitive Skin-Care Routine,,Allure Magazine,7641947,Skinbetter Science
10/30/2020,https://coveteur.com/2020/10/30/new-beauty-products-october-2020/,The 24 Best Beauty Products That Launched in October,Hannah Baxter,The Coveteur,232096,ZO Skin Health
10/6/2020,https://wwd.com/beauty-industry-news/skin-care/blackstone-invests-in-zoskin-health-1234625069/,Blackstone Invests in ZoSkin Health,Allison Collins,WWD,738908,ZO Skin Health
9/2/2020,https://www.wellandgood.com/cares-act-sunscreen-rules/,In Case You Missed It: Serious Sunscreen News Slipped Into the Stimulus Package,"Arden Fanning Andrews・September 2, 2020",Well+Good,4591131,ZO Skin Health
8/26/2020,https://www.thecut.com/article/how-to-treat-maskne-mask-acne.html,Is Your Mask Making You Break Out?,Erica Smith,The Cut,7076951,ZO Skin Health
8/26/2020,https://coveteur.com/2020/08/26/dermatologist-rosacea-treatment-advice/,Dermatologists’ Best Advice for Tackling Rosacea at Home,Hannah Baxter,The Coveteur,234058,ZO Skin Health
8/5/2020,https://www.byrdie.com/stretch-mark-treatments-4843512,I Tried 5 Stretch-Mark Treatments—Here Are My Honest Reviews,,Byrdie (USA),9614643,ZO Skin Health
7/28/2020,https://www.harpersbazaar.com/beauty/skin-care/a33437243/kate-del-castillo-skin-care-routine/,Watch Kate del Castillo's Nighttime Skin Care Routine,Chelsey Sanchez,Harper's Bazaar,12602581,ZO Skin Health
7/17/2020,https://www.harpersbazaar.com/beauty/skin-care/a33350652/giannina-gibelli-skin-care-routine/,Watch Giannina Gibelli's Nighttime Skin Care Routine,Chelsey Sanchez,Harper's Bazaar,12524056,ZO Skin Health
4/30/2020,https://coveteur.com/2020/04/30/beauty-launches-april-2020/,The 41 Best Beauty Products That Launched in April,Hannah Baxter,The Coveteur,383813,ZO Skin Health
3/21/2020,https://www.byrdie.com/why-am-i-breaking-out-makeup,Estheticians Agree: These Makeup Ingredients Are Causing Your Breakouts,,Byrdie (USA),9971070,ZO Skin Health
3/2/2020,https://coveteur.com/2020/03/02/exfoliating-tips-healthy-skin/,"Yes, You Are Probably Exfoliating Wrong",Hannah Baxter,The Coveteur,250464,ZO Skin Health
2/6/2020,https://www.huffpost.com/entry/skin-care-tips-older-women-great-skin_l_5e3082a8c5b693878a87b00e,Skin Care Tips From Older Women With Great Skin,Erin Klabunde,The Huffington Post,31394784,ZO Skin Health
11/28/2020,https://www.instyle.com/beauty/best-dermstore-black-friday-beauty-deals,Dermstore's Black Friday Sale Is 111 Pages Long — and It's Still Going Strong,Rachel Nussbaum,InStyle,4927074,Revision Skincare
9/17/2020,https://www.realsimple.com/beauty-fashion/skincare/beauty-secrets-mom,20 Beauty Pros Share the Best Beauty Secrets They Learned From Mom,Kristin Granero,Real Simple,6427031,Revision Skincare
9/10/2020,https://www.shape.com/lifestyle/beauty-style/2020-shape-beauty-awards-body,The 2020 Shape Beauty Awards: Body,"Kate Sandoval Box, Erin Reimel, & Jenn Barthole",Shape Magazine,6266548,Revision Skincare
8/10/2020,https://www.popsugar.com/beauty/dermstore-anniversary-sale-2020-47679385,13 Beauty Buys a Beauty Editor Would Stock Up On From Dermstore's Anniversary Sale,Jessica Harrington,Popsugar,13003546,Revision Skincare
8/10/2020,https://www.harpersbazaar.com/beauty/skin-care/g33565098/dermstore-anniversary-sale-2020/,Shop Dermstore's Massive Anniversary Sale,Jenna Rosenstein,Harper's Bazaar,12941140,Revision Skincare
8/7/2020,https://coveteur.com/2020/08/07/bipoc-dermatologist-recommendations/,Everything You Should Be Asking Your Dermatologist as a BIPOC Woman,Kristin Booker,The Coveteur,234058,Revision Skincare
7/19/2020,https://coveteur.com/2020/07/19/maggie-rawlins-sunday-spa/,Sunday Spa Routine with Maggie Rawlins,Halle Lagatta,The Coveteur,173360,Revision Skincare
7/16/2020,https://www.shape.com/healthy-eating/diet-tips/papaya-nutrition-health-benefits,"Why You Might Want to Add Papaya to Your Shopping List, Stat",Madison Yauger,Shape Magazine,6579642,Revision Skincare
7/7/2020,https://coveteur.com/2020/07/07/butt-cellulite-fda-approval/,Here’s Some Good News for Anyone Looking to Banish Butt Cellulite,Hannah Baxter,The Coveteur,173360,Revision Skincare
6/30/2020,https://coveteur.com/2020/06/30/beauty-products-june-2020/,The 33 Best Beauty Products That Launched in June,Hannah Baxter,The Coveteur,173360,Revision Skincare
6/25/2020,https://stylecaster.com/beauty/best-matte-tinted-moisturizer/,"5 Tinted Moisturizers for When You Want a Flake-Free, Matte Finish",Nikki Brown,StyleCaster,4765730,Revision Skincare
6/15/2020,https://www.byrdie.com/celebrity-makeup-without-foundation,What Celebrities Are Wearing Instead of Foundation,,Byrdie (USA),9165431,Revision Skincare
5/22/2020,https://www.refinery29.com/en-us/black-dermatologists-black-women-skincare-tips,Dermatologists Share How To Achieve Your Most Radiant Brown Girl Glow,Stephanie Long,Refinery29,16092686,Revision Skincare
3/18/2020,https://www.wellandgood.com/good-looks/skin-care-routine-for-sensitive-combination-skin/,"I’m an esthetician with sensitive-combination skin, here’s my beauty routine","by Zoe Weiner, March 18, 2020",Well+Good,3757051,Revision Skincare
2/26/2020,https://www.oprahmag.com/beauty/skin-makeup/g31087063/best-bb-creams-with-spf/,15 Best BB Creams With SPF That Work Harder Than Any Product,Brigitt Earley,The Oprah Magazine,5711333,Revision Skincare
1/2/2020,https://www.self.com/gallery/best-eye-creams-dermatologists," The 11 Best Eye Creams, According to Dermatologists ",,Self.com,2477011,Revision Skincare
1/8/2020,https://www.huffpost.com/entry/best-eye-creams_l_5e0f65d1e4b0843d36119477, The Best Eye Creams That Dermatologists Swear By ,,The Huffington Post,11677191,Revision Skincare
1/13/2020,https://www.oprahmag.com/beauty/g27130592/best-moisturizer-with-spf/," The Best Moisturizers With SPF, According to Dermatologists ",,The Oprah Magazine,888945,Revision Skincare
1/13/2020,https://www.newbeauty.com/slideshow/2866-aesthetician-recommended-best-products-smaller-pores/, Aestheticians Name Their Top Products for Tighter Pores ,,NewBeauty.com,65257,Revision Skincare
1/23/2020,https://www.byrdie.com/the-best-facial-scrubs-microdermabrasion-and-peels-347132, These Microdermabrasion Scrubs Up Your Exfoliation Game Tenfold ,,Byrdie (USA),1584287,Revision Skincare
3/19/2020,https://www.newbeauty.com/blog/dailybeauty/13205-should-you-wear-sunscreen-inside/, Derms Answer: Do You Still Have to Wear Sunscreen If You’re Staying Inside? ,,NewBeauty.com,65257,Revision Skincare
3/20/2020,https://www.newbeauty.com/wrinkle-filling-products-derms-recommend/, Neurotoxin Wearing Off? Here Are 7 Wrinkle ‘Filling’ Products Derms Say Make a Difference ,,NewBeauty.com,65257,Revision Skincare
4/1/2020,https://www.popsugar.com/beauty/photo-gallery/47347685/image/47356238/Saint-Jane-C-Drops, 26 Skin-Care Products Our Editors Are Leaning On the Most This Month ,,Popsugar,3967286,Revision Skincare
4/7/2020,https://www.cosmopolitan.com/style-beauty/beauty/g32035036/best-neck-cream/," 10 Best Neck Creams That'll Moisturize, Tighten, and Smooth Out Your Skin ",,Cosmopolitan.com,7374564,Revision Skincare
4/9/2020,https://www.cosmopolitan.com/style-beauty/beauty/a31991841/cosmo-beauty-awards-2020/#skin, Cosmo Beauty Awards 2020 ,,Cosmopolitan.com,7374564,Revision Skincare
4/16/2020,https://www.instyle.com/best-beauty-buys/skin, 2020 Best Beauty Buys ,,InStyle,1099971,Revision Skincare
4/22/2020,https://www.harpersbazaar.com/beauty/skin-care/g27887031/best-neck-cream/, The 10 Best Anti-Aging Neck Creams ,,Harper's Bazaar,3240361,Revision Skincare
4/23/2020,https://www.wellandgood.com/good-looks/dermatologists-skin-care-tips/," 7 Things Dermatologists Never, Ever Do To Their Own Skin ",,Well+Good,996574,Revision Skincare
4/27/2020,newbeauty.com/dermatologist-skin-care-favorites-vivian-bucay/1," Inside a Dermatologist’s Beauty Cabinet: Vivian Bucay, MD ",,NewBeauty.com,147444,Revision Skincare
4/30/2020,https://www.byrdie.com/melasma-treatment-4842254," How to Treat Melasma Once and For All, According to Dermatologists ",,Byrdie (USA),1715488,Revision Skincare
4/30/2020,https://www.huffpost.com/entry/sunscreen-blue-light_l_5ea306a1c5b6d376358eb76c?guccounter=1&guce_referrer=aHR0cHM6Ly93d3cuZ29vZ2xlLmNvbS8&guce_referrer_sig=AQAAAAo7hwieFy5d7tkAToDkowrnh7DpOC-9QIH_c03gQnjhMDQm4NjjtVcDRIeRZ-F56rTnyyMGAgN8CO2zaZADuRcMuA_W5Gcg0ioI4aNG4fkYoF803cYtdbPtH4amVT1Dszj_6qbXjia9B0iEAoYE8qAy-UXc0qjx-zqVg-cxiYj-, Should We Wear Sunscreen To Protect Our Skin From Blue Light Damage? ,,The Huffington Post,12929990,Revision Skincare
5/5/2020,https://www.self.com/gallery/peptides-skin-care, 11 Antiaging Peptide Serums and Creams That Might Actually Be Worth the Money ,,Self.com,2477011,Revision Skincare
5/13/2020,https://www.allure.com/story/skin-care-routines-of-dermatologists, 9 Top Dermatologists Reveal Their Skin-Care Routines ,,Allure Magazine,2193906,Revision Skincare
5/13/2020,https://www.newbeauty.com/best-skin-serums-dermatologist-recommended/13/1," The 15 Best Serums That Improve Skin, According to Top Doctors ",,NewBeauty.com,60338,Revision Skincare
5/15/2020,https://www.allure.com/story/can-you-extend-life-of-botox-filler-injectables, 8 Tips for Keeping Skin Smooth and Plump While You Can't Get Injectables ,,Allure Magazine,2193906,Revision Skincare
5/16/2020,https://people.com/beauty/best-face-sunscreen-to-wear-indoors/, Dermatologists Say You Should Still Be Wearing Sunscreen Indoors — Here’s Why ,,People.com,6990000,Revision Skincare
5/19/2020,https://www.wellandgood.com/how-to-make-botox-last-longer/," How To Make Your Botox Last Longer, According To Dermatologists ",,Well+Good,811579,Revision Skincare
5/21/2020,https://www.newbeauty.com/dermatologists-pick-the-4-best-eye-creams-for-dark-circles/5, Dermatologists Name The 8 Best Eye Creams for Lightening Dark Circles ,,NewBeauty.com,60338,Revision Skincare
5/30/2020,https://www.popsugar.com/beauty/photo-gallery/47516321/image/47517244/Revision-Skincare-Intellishade-Original-Tinted-Moisturizer-SPF-45, 15 Top-Rated Tinted Moisturizers on Amazon to Make Your Skin Glow This Summer ,,Popsugar,3850219,Revision Skincare
6/8/2020,https://www.newbeauty.com/dermatologist-favorite-glycolic-acid/4,12 Dermatologists Name Their Favorite Glycolic Acid Product,,NewBeauty.com,60338,Revision Skincare
6/9/2020,https://www.goodmorningamerica.com/style/video/skin-care-habits-stick-habits-kick-summer-glow-71147759,Summer skincare essentials,,GoodMorningAmerica.com,1046524,Revision Skincare
6/19/2020,https://www.byrdie.com/vitamin-k-for-skin-4801332,"Vitamin K Claims to Reduce Dark Circles, So We Asked Derms for Their Thoughts",,Byrdie (USA),1715488,Revision Skincare
6/25/2020,https://www.byrdie.com/how-to-treat-puffy-eyes-4686894,"10 Ways to Remedy Sleep-Deprived, Puffy Eyes Fast",,Byrdie (USA),1715488,Revision Skincare
6/25/2020,https://www.byrdie.com/dry-skin-around-eyes-5069409,How to Hydrate and Plump Dry Skin Around the Eyes,,Byrdie (USA),1715488,Revision Skincare
6/30/2020,https://www.popsugar.com/beauty/dermatologists-skin-care-routines-47580601?stream_view=1#photo-47585222,Ever Wondered What a Dermatologist's Skin-Care Routine Looks Like? We Asked 14 to Find Out,,Popsugar,3850219,Revision Skincare
7/7/2020,https://www.newbeauty.com/revision-skincare-lip-replenisher-review/,"Experts Can’t Get Enough of This New, $35 Lip-Plumping Treatment",,NewBeauty.com,60338,Revision Skincare
7/20/2020,https://www.allure.com/story/mochi-skin-routine-tips,"The Ultimate Mochi Skin Routine, According to Experts",,Allure Magazine,2193906,Revision Skincare
7/30/2020,https://www.newbeauty.com/zenovia-gabriel-dermatologist-daily-routine/,Every Skin-Care Product a Top Dermatologist Uses Every Day,,NewBeauty.com,60338,Revision Skincare
8/10/2020,https://www.popsugar.com/beauty/dermstore-anniversary-sale-2020-47679385?stream_view=1#photo-47679403,13 Beauty Buys a Beauty Editor Would Stock Up On From Dermstore's Anniversary Sale,,Popsugar,3913713,Revision Skincare
8/10/2020,https://www.newbeauty.com/dermstore-anniversary-sale/9,"The 10 Best Deals to Shop From Dermstore’s Anniversary Sale, Live Now",,NewBeauty.com,63496,Revision Skincare
8/25/2020,https://www.newbeauty.com/how-to-choose-neck-cream/,"How to Get the Best Results from Your Neck Cream, According to a Top Derm",,NewBeauty.com,63496,Revision Skincare
10/12/2020,https:/www.newbeauty.com/best-products-for-an-aging-neck/6,6 Potent Products to Treat an Aging Neck at Home,,NewBeauty.com,63496,Revision Skincare
10/15/2020,https:/www.allure.com/story/the-science-of-beauty-podcast-sunscreen-guide-episode-fedOE1oNQq4nzljO6tjAkLD50ZOoqk3H6BsWw6rf3BY8bfj7UKkrx6Y$,The Science of Beauty: The Complete Guide to Sunscreen,,Allure Magazine,2503048,Revision Skincare
10/16/2020,https:/www.wellandgood.com/under-eye-mask/,Dermatologists Bust the 7 Biggest Myths About Eye Creams Once and for All,,Well+Good,1066705,Revision Skincare
10/19/2020,https://www.allure.com/gallery/bakuchiol-skin-care-products,19 Bakuchiol Skin-Care Products for Those Seeking a Natural Retinol Alternative,,Allure Magazine,2503048,Revision Skincare
10/20/2020,https://www.newbeauty.com/tips-to-smooth-neck-wrinkles/,6 Skin Experts Reveal Their Number-One Neck-Smoothing Tip,,NewBeauty.com,63496,Revision Skincare
11/10/2020,https://www.byrdie.com/glabellar-lines-5085324,“Can You Use Retinol & Vitamin C Together?” ,,Byrdie (USA),1967002,Revision Skincare
11/10/2020,https://www.popsugar.com/beauty/dermatologists-winter-skin-care-routines-47953641?stream_view=1#photo-47957478,“4 Top Dermatologists Reveal the Products They Use For Glowing Skin in Winter” ,,Popsugar,3913713,Revision Skincare
11/18/2020,https://www.byrdie.com/best-anti-aging-eye-creams-4588198,“I’ve Tried Dozens of Dark Spot Correctors—These Are the 9 Best to Erase Hyperpigmentation” ,,Byrdie (USA),1967002,Revision Skincare
